stage,tp_multiplier_applied,effective_volume_factor_applied,pkn_fleak_override_applied,pkn_H_w_override_applied,pkn_effective_injected_volume_m3,tp_for_g_seconds,tp_legacy_volume_over_rate_seconds,fracture_initiation_status,fracture_initiation_rule,fracture_initiation_index,fracture_initiation_time_text,fracture_initiation_pressure_mpa,tp_corrected_seconds,tp_correction_ratio,early_transient_risk,closure_was_computed,barree_status,barree_closure_index,barree_closure_elapsed_seconds,barree_closure_g_time,barree_closure_pressure_mpa,barree_tangent_slope,barree_residual_at_closure,barree_quality_flag,mcclure_status,mcclure_closure_index,mcclure_closure_elapsed_seconds,mcclure_closure_g_time,mcclure_closure_pressure_mpa,mcclure_quality_flag,selected_closure_method,selected_closure_elapsed_seconds,selected_closure_pressure_mpa,selected_closure_g_time,selected_closure_quality_flag,selected_closure_status,closure_is_candidate,closure_is_final_interpretation,g_function_closure_efficiency,g_function_closure_efficiency_formula,g_function_closure_efficiency_status,g_function_closure_efficiency_source_note,raw_injected_volume_m3,perforation_friction_mpa,pressure_at_shut_in_mpa,pressure_for_net_mpa,wellbore_storage_coeff_m3_per_mpa,wellbore_storage_volume_m3,effective_injected_volume_m3,volume_correction_warning,legacy_mvp_pkn_fracture_volume_m3,legacy_mvp_pkn_half_length_mean_m,legacy_mvp_pkn_volume_status,pkn_model_name,pkn_model_version,pkn_H_w_m,pkn_H_w_source,pkn_I_F,pkn_I_F_source,pkn_E_prime_mpa,pkn_volume_status,pkn_fracture_volume_m3,pkn_fracture_volume_std_m3,pkn_half_length_mean_m,pkn_half_length_std_m,pkn_net_pressure_min_mpa,pkn_net_pressure_max_mpa,pkn_net_pressure_mean_mpa,pkn_cluster_count,pkn_cluster_length_min_m,pkn_cluster_length_max_m,pkn_cluster_length_mean_m,pkn_cluster_length_std_m,pkn_stable_row_count,pkn_leakoff_coefficient,pkn_segment_start,pkn_segment_end,pkn_K_lp,pkn_C_status,pkn_C_coupling_method,pkn_C_stage,pkn_C_stage_raw,pkn_C_multiplier_applied,pkn_C_stage_units_assumed,pkn_C_min,pkn_C_max,pkn_C_mean,pkn_H_p_m,pkn_fleak,pkn_warning,pkn_flow_allocation_method,pkn_flow_allocation_exponent,pkn_eta_min,pkn_eta_max,pkn_eta_mean,pkn_eta_std,pkn_leakoff_volume_m3,pkn_leakoff_volume_std_m3,pkn_nonstorage_volume_m3,pkn_storage_fraction,pkn_stable_storage_fraction,pkn_stable_leakoff_fraction,pkn_stable_nonstorage_fraction,pkn_leakoff_fraction,pkn_nonstorage_fraction,pkn_balance_residual_mean_m3,pkn_balance_residual_abs_max_m3,pkn_stable_g_min,pkn_stable_g_mean,pkn_stable_g_max,pkn_stable_storage_unit_mean_m2,pkn_stable_preclosure_leakoff_unit_mean_m2,pkn_stable_G_leakoff_unit_mean_m2,pkn_stable_storage_unit_fraction,pkn_stable_G_leakoff_unit_fraction,pkn_shutin_storage_volume_m3,pkn_shutin_leakoff_before_closure_m3,pkn_shutin_fluid_efficiency,pkn_shutin_leakoff_fraction,pkn_shutin_storage_unit_mean_m2,pkn_shutin_preclosure_leakoff_unit_mean_m2,pkn_shutin_storage_unit_fraction,pkn_shutin_preclosure_leakoff_unit_fraction,pkn_C_multiplier_to_20pct_shutin_efficiency,pkn_C_multiplier_to_10pct_shutin_efficiency,pkn_C_multiplier_to_g_function_efficiency,pkn_fluid_efficiency_warning,pkn_tp_seconds,pkn_sqrt_tp_seconds,stress_shadow_status,stress_shadow_alpha,stress_shadow_kernel,stress_shadow_condition_number,stress_shadow_xi_min,stress_shadow_xi_max,stress_shadow_xi_mean,stress_shadow_xi_sum,stable_segment_status,stable_dP_dG_slope_mpa,stable_dP_dG_intercept_mpa,stable_dP_dG_r2,stable_segment_start_index,stable_segment_end_index,stable_segment_start_elapsed_seconds,stable_segment_end_elapsed_seconds,stable_segment_point_count,efficiency_ratio_pkn_to_g_function,efficiency_difference_pkn_minus_g_function,efficiency_reconciliation_warning,microseismic_affected_volume,electromagnetic_affected_area,missing_estimate_reason
1,1.0,1.0,,50.0,3049.91,10417.0,9567.863590772316,ok,sigma_min_crossing,3247.0,06:49:16,136.5717,10417.0,1.0887487996846683,True,True,ok,373.0,376.0,0.07570136655583641,107.43169999999999,-18.572466542086907,3.6643339863034976,ok,ok,1045.0,1048.0,0.19609329166586995,105.8717,ok,barree,376.0,107.43169999999999,0.07570136655583641,ok,ok,True,False,0.036470259053423444,eta_G = G_c / (G_c + 2),ok,depends_on_G_function_convention_and_selected_closure_pick;calibration_cross_check_not_unique_truth,3049.91,0.0,109.82169999999999,109.82169999999999,0.0,0.0,3049.91,,2609.552221261555,1101.2369253389793,ok,physical_pkn_storage,phase5d,50.0,cli_or_grid,0.722464726919,human_required_constant,35159.96198923028,ok,203.9453715794142,14.204166410582122,44.04157768242349,23.902898696467677,1.464803717246798,6.226903750678601,2.724841989532486,8.0,26.621025377046994,86.18258770454766,44.04157768242349,23.902898696467677,359,0.0005439912748582372,15.0,373.0,5.6597853992565375,ok,stage-constant,0.0005439912748582372,0.0005439912748582372,1.0,m_per_sqrt_second,0.0005439912748582372,0.0005439912748582372,0.0005439912748582372,25.0,0.5,,stress-shadow,1.0,0.07430307929151747,0.25059566152776386,0.125,0.07271567020298236,2845.964628420586,14.204166410582145,2845.9646284205855,0.06686930813676935,0.06686930813676935,0.9331306918632307,0.9331306918632306,0.9331306918632307,0.9331306918632306,7.996079811896393e-15,6.536993168992922e-13,0.003298708078021562,0.040083005550360366,0.07570136655583641,0.4397435274694848,7.856031918037217,0.2225479227646037,0.051623248902175185,0.026125789447432924,240.07407926481014,2809.83592073519,0.07871513561541493,0.9212848643845851,0.5117652514183351,7.856031918037216,0.06115889774269385,0.9388411022573061,0.2605718799300381,0.5862867298425858,1.7210513613241278,low_shutin_fluid_efficiency_check_C_or_leakoff_terms,10417.0,102.06370559606387,ok,1.0,sneddon,20.15873836436112,0.17581090500699717,0.5929424522390281,0.2957665191728265,2.366132153382612,ok,-27.020601638095123,109.39588113156204,0.9886341967249869,15.0,373.0,15.0,376.0,359,2.158337715674273,0.04224487656199149,efficiency_consistent_within_0p1,147.5,18435.0,
2,1.0,1.0,,50.0,3012.95,10367.0,9550.466906105696,ok,sigma_min_crossing,1615.0,06:01:29,150.6683,10367.0,1.085496667536986,False,True,ok,421.0,424.0,0.08517077659573785,105.1083,-18.472727915550156,11.103384574695742,ok,ok,576.0,581.0,0.11440368009109558,104.9083,ok,barree,424.0,105.1083,0.08517077659573785,ok,ok,True,False,0.04084594775243693,eta_G = G_c / (G_c + 2),ok,depends_on_G_function_convention_and_selected_closure_pick;calibration_cross_check_not_unique_truth,3012.95,0.0,108.2283,108.2283,0.0,0.0,3012.95,,2387.704460406569,1397.2604242366474,ok,physical_pkn_storage,phase5d,50.0,cli_or_grid,0.722464726919,human_required_constant,35159.96198923028,ok,152.65823492456266,18.382040343893674,48.4873371752362,19.114264774899738,1.6026429755191716,5.550886391925628,2.7924400572279895,6.0,32.766395302382556,76.22368717163268,48.4873371752362,19.114264774899738,407,0.0006614528344951594,15.0,421.0,5.6597853992565375,ok,stage-constant,0.0006614528344951594,0.0006614528344951594,1.0,m_per_sqrt_second,0.0006614528344951594,0.0006614528344951594,0.0006614528344951594,25.0,0.5,,stress-shadow,1.0,0.11268483237883901,0.2641270075036396,0.16666666666666666,0.06904814021362557,2860.2917650754366,18.3820403438937,2860.291765075437,0.05066736418611748,0.05066736418611748,0.9493326358138824,0.9493326358138825,0.9493326358138824,0.9493326358138825,2.248597158867344e-14,6.252776074688882e-13,0.003314442312287032,0.04512823192429004,0.08517077659573785,0.4506527151775184,9.529396648537185,0.30393012576782746,0.04382084927711134,0.02955374678437059,199.18549250240022,2813.7645074975994,0.06610979023959915,0.9338902097604008,0.5811878131959077,9.529396648537185,0.05748310746976187,0.9425168925302382,0.24395576535692773,0.5489004720530873,1.4321565160481102,low_shutin_fluid_efficiency_check_C_or_leakoff_terms,10367.0,101.81846590869458,ok,1.0,sneddon,9.75116506810613,0.2667381747780853,0.625219511835106,0.3945194887769354,2.367116932661612,ok,-32.776092737140296,107.65720598439266,0.9671805356437503,15.0,421.0,15.0,424.0,407,1.6185152720726117,0.025263842487162215,efficiency_consistent_within_0p1,163.5,16290.0,
3,1.0,1.0,,50.0,3246.2999999999997,10077.0,10154.670658682635,ok,sigma_min_crossing,1844.0,08:21:23,134.14569999999998,10077.0,0.9923512380368315,False,True,ok,521.0,521.0,0.10611312112394136,106.3457,-8.609733560036688,27.138904080030688,ok,ok,867.0,867.0,0.17000613114540047,105.53569999999999,ok,barree,521.0,106.3457,0.10611312112394136,ok,ok,True,False,0.05038339111971032,eta_G = G_c / (G_c + 2),ok,depends_on_G_function_convention_and_selected_closure_pick;calibration_cross_check_not_unique_truth,3246.2999999999997,0.0,110.2257,110.2257,0.0,0.0,3246.2999999999997,,2882.8085102521322,1398.8908958788597,ok,physical_pkn_storage,phase5d,50.0,cli_or_grid,0.722464726919,human_required_constant,35159.96198923028,ok,186.4577637537946,25.075405409751763,49.00016597696312,19.53323467973584,1.8978447829357614,7.413261323218576,3.360432738614742,6.0,32.72825245152141,77.69430350762653,49.00016597696312,19.53323467973584,507,0.0007049860932077074,15.0,521.0,5.6597853992565375,ok,stage-constant,0.0007049860932077073,0.0007049860932077073,1.0,m_per_sqrt_second,0.0007049860932077073,0.0007049860932077073,0.0007049860932077074,25.0,0.5,,stress-shadow,1.0,0.11164451638563325,0.2658530213821285,0.16666666666666666,0.07027528474178298,3059.8422362462056,25.07540540975177,3059.842236246205,0.05743700944268695,0.05743700944268695,0.9425629905573132,0.9425629905573131,0.9425629905573132,0.9425629905573131,2.7020244468352527e-14,5.684341886080801e-13,0.0034087537288516397,0.056047216615811836,0.10611312112394136,0.5423171515923128,10.01350577100771,0.3966433971896344,0.04951552789643529,0.0362149844252844,245.11654582850173,3001.1834541714984,0.07550643681375774,0.9244935631862424,0.7020647571572987,10.01350577100771,0.06551818732488189,0.9344818126751181,0.28044713738119564,0.6310060591076903,1.321453626143133,low_shutin_fluid_efficiency_check_C_or_leakoff_terms,10077.0,100.38426171467319,ok,1.0,sneddon,10.033368138326779,0.2619270440310476,0.623712639829255,0.3910134483248613,2.3460806899491677,ok,-34.44117249803211,109.62449339396125,0.9121868329706337,15.0,521.0,15.0,521.0,507,1.498637450471632,0.02512304569404742,efficiency_consistent_within_0p1,205.5,18824.0,
4,1.0,1.0,,50.0,,,,not_computed,,,,,,,False,False,not_computed,,,,,,,not_computed,not_computed,,,,,not_computed,none,,,,not_computed,not_computed,True,False,,eta_G = G_c / (G_c + 2),invalid_closure_g_time,depends_on_G_function_convention_and_selected_closure_pick;calibration_cross_check_not_unique_truth,,,,,,,,no_valid_falloff_manifest_row,,,not_computed,physical_pkn_storage,phase5d,,,,,,not_computed,,,,,,,,,,,,,0,,,,,not_computed,,,,,,,,,,,derivatives_not_available,,,,,,,,,,,,,,,,,,,,,,,,,,,,,,,,,,,,,,,,not_computed,,,,,,,,not_computed,,,,,,,,0,,,missing_efficiency_reference,202.0,16786.0,no_valid_falloff_manifest_row
5,1.0,1.0,,50.0,3274.5299999999997,10247.0,10057.466334164586,ok,sigma_min_crossing,1530.0,05:51:38,131.5796,10247.0,1.018845070869547,True,True,not_found,,,,,,,not_found,ok,70.0,70.0,0.015248524176360053,112.84960000000001,boundary_low_confidence,mcclure,70.0,112.84960000000001,0.015248524176360053,boundary_low_confidence,ok,True,False,0.007566572555904579,eta_G = G_c / (G_c + 2),ok,depends_on_G_function_convention_and_selected_closure_pick;calibration_cross_check_not_unique_truth,3274.5299999999997,0.0,117.77959999999999,117.77959999999999,0.0,0.0,3274.5299999999997,,3274.5299999999997,837.350543525587,ok,physical_pkn_storage,phase5d,50.0,cli_or_grid,0.722464726919,human_required_constant,35159.96198923028,ok,13.056093997994065,0.9267976270750473,1.9984871557617783,0.8283516772994287,3.574184890514238,9.861618849190101,5.754351450969817,6.0,1.3521315840641024,3.1759286597838257,1.9984871557617783,0.8283516772994287,16,0.018882409027329208,29.0,44.0,5.6597853992565375,ok,stage-constant,0.018882409027329204,0.018882409027329204,1.0,m_per_sqrt_second,0.018882409027329204,0.018882409027329204,0.018882409027329208,25.0,0.5,,stress-shadow,1.0,0.11268099674961672,0.26501607759676615,0.16666666666666666,0.06934487930492397,3261.473906002005,0.926797627075061,3261.4739060020056,0.003987165791119357,0.003987165791119357,0.9960128342088804,0.9960128342088806,0.9960128342088804,0.9960128342088806,-1.0658141036401503e-14,5.115907697472721e-13,0.006426232357680399,0.008056151291023949,0.009680607418680487,0.9286552449901047,270.45545300395133,1.5398676049932618,0.00340261511318122,0.0056421118744707805,16.794068505199675,3257.7359314948,0.005128695875499591,0.9948713041245003,1.1893480226953748,270.45545300395133,0.004378320579670167,0.9956216794203299,0.017590298283658545,0.03957817113823173,0.5767869100056571,very_low_shutin_fluid_efficiency_check_C_units_or_stable_slope,10247.0,101.22746662838105,ok,1.0,sneddon,9.790446320765211,0.2667381780436909,0.6273454063201412,0.3945329229387832,2.3671975376326992,ok,-930.2239518263251,121.17924989044707,0.8144224492864846,29.0,44.0,29.0,44.0,16,0.6778096473148084,-0.002437876680404988,efficiency_consistent_within_0p1,171.5,18199.0,
6,1.0,1.0,,50.0,3264.43,10065.0,10029.610778443113,ok,sigma_min_crossing,1486.0,05:51:52,132.8546,10065.0,1.0035284740692978,True,True,ok,703.0,703.0,0.14033399519652276,107.5246,-7.853947613174465,14.018155775969952,ok,ok,80.0,80.0,0.0176750961092649,111.7946,boundary_low_confidence,barree,703.0,107.5246,0.14033399519652276,ok,ok,True,False,0.06556640015598943,eta_G = G_c / (G_c + 2),ok,depends_on_G_function_convention_and_selected_closure_pick;calibration_cross_check_not_unique_truth,3264.43,0.0,112.4546,112.4546,0.0,0.0,3264.43,,2886.760161125704,1204.7857172708957,ok,physical_pkn_storage,phase5d,50.0,cli_or_grid,0.722464726919,human_required_constant,35159.96198923028,ok,212.248899092628,33.67203950256509,47.041602443960684,18.281014378616895,2.2444950454876786,9.843831126039014,4.0067143901822755,6.0,31.538227169046053,74.76807157043525,47.041602443960684,18.281014378616895,689,0.0007242729166271919,15.0,703.0,5.6597853992565375,ok,stage-constant,0.0007242729166271919,0.0007242729166271919,1.0,m_per_sqrt_second,0.0007242729166271919,0.0007242729166271919,0.0007242729166271919,25.0,0.5,,stress-shadow,1.0,0.11268483237883901,0.2641270075036396,0.16666666666666666,0.06904814021362557,3052.1811009073717,33.67203950256509,3052.1811009073717,0.06501867066919126,0.06501867066919126,0.9349813293308087,0.9349813293308087,0.9349813293308087,0.9349813293308087,1.0890176037193988e-14,6.821210263296962e-13,0.0034127723729454715,0.07390309456728683,0.14033399519652276,0.6466161070146315,10.281325486948116,0.5369968761280544,0.05639943979651469,0.04683818212622308,285.1077675449357,2979.322232455064,0.0873376876039418,0.9126623123960581,0.8502712191871504,10.28132548694812,0.07638358104713913,0.923616418952861,0.33080217925851996,0.7443049033316699,1.1786245335467962,low_shutin_fluid_efficiency_check_C_or_leakoff_terms,10065.0,100.32447358446493,ok,1.0,sneddon,9.75116506810613,0.2667381747780853,0.625219511835106,0.3945194887769354,2.367116932661612,ok,-35.36233090608778,111.86932095357726,0.8867283174635459,15.0,703.0,15.0,703.0,689,1.3320494551501405,0.02177128744795237,efficiency_consistent_within_0p1,161.5,18573.0,
7,1.0,1.0,,50.0,3232.5,9935.0,9903.70887337986,ok,sigma_min_crossing,1400.0,06:11:06,138.4201,9935.0,1.0031595361919663,True,True,ok,941.0,941.0,0.18561219583701266,109.70009999999999,-10.768185565253669,18.385896249308992,ok,ok,86.0,86.0,0.019205934849228962,113.5001,boundary_low_confidence,barree,941.0,109.70009999999999,0.18561219583701266,ok,ok,True,False,0.08492457911360149,eta_G = G_c / (G_c + 2),ok,depends_on_G_function_convention_and_selected_closure_pick;calibration_cross_check_not_unique_truth,3232.5,0.0,118.5301,118.5301,0.0,0.0,3232.5,,2719.6880168931034,902.105898024798,ok,physical_pkn_storage,phase5d,50.0,cli_or_grid,0.722464726919,human_required_constant,35159.96198923028,ok,361.4452143725413,43.33071586980782,67.49838985445206,24.976922600527168,2.773960102756977,10.70081442815403,4.787702260689352,6.0,45.01063666414291,106.26620363643906,67.49838985445206,24.976922600527168,927,0.0004705110140222018,15.0,941.0,5.6597853992565375,ok,stage-constant,0.0004705110140222018,0.0004705110140222018,1.0,m_per_sqrt_second,0.0004705110140222018,0.0004705110140222018,0.0004705110140222018,25.0,0.5,,stress-shadow,1.0,0.1107541485347565,0.26453326371414654,0.16666666666666666,0.06909793175891153,2871.054785627459,43.33071586980781,2871.054785627459,0.11181599825910016,0.11181599825910016,0.8881840017408998,0.8881840017408998,0.8881840017408998,0.8881840017408998,2.3117550065290855e-14,5.684341886080801e-13,0.0034569246219592906,0.09772093459350485,0.18561219583701266,0.772654373602922,6.635806338977264,0.45829101386885984,0.09821771430832846,0.058256702360140036,566.6860540220883,2665.813945977912,0.17530891075702656,0.8246910892429736,1.2348441924305231,6.635806338977262,0.1568922654490737,0.8431077345509264,0.7443521581860042,1.6747923559185096,2.005127289263969,below_20pct_reference_check_local_assumptions,9935.0,99.67447015158896,ok,1.0,sneddon,9.814081538991804,0.2616918805253703,0.6250439207804876,0.3938029771156413,2.3628178626938476,ok,-22.823669952431775,113.48795844922034,0.9052060550338255,15.0,941.0,15.0,941.0,927,2.0642894270046392,0.09038433164342508,efficiency_consistent_within_0p1,179.0,18323.0,
8,1.0,1.0,,50.0,3276.6899999999996,14017.0,10026.047904191617,ok,sigma_min_crossing,1340.0,05:48:46,134.8577,14017.0,1.3980583510018814,True,True,ok,699.0,699.0,0.10259016675381755,110.1377,-9.399466149295728,13.458355820148014,ok,ok,84.0,84.0,0.013417534054884437,113.6277,boundary_low_confidence,barree,699.0,110.1377,0.10259016675381755,ok,ok,True,False,0.048792279340013366,eta_G = G_c / (G_c + 2),ok,depends_on_G_function_convention_and_selected_closure_pick;calibration_cross_check_not_unique_truth,3276.6899999999996,0.0,119.1577,119.1577,0.0,0.0,3276.6899999999996,,3013.4263381698847,959.9097231071557,ok,physical_pkn_storage,phase5d,50.0,cli_or_grid,0.722464726919,human_required_constant,35159.96198923028,ok,198.84395153733874,21.60892784564688,31.400136497971623,17.07856349772063,1.9318758382274583,10.493784727003463,3.726808326985846,8.0,18.698225072268066,62.280193235513885,31.400136497971623,17.07856349772063,685,0.0007048031707331774,15.0,699.0,5.6597853992565375,ok,stage-constant,0.0007048031707331774,0.0007048031707331774,1.0,m_per_sqrt_second,0.0007048031707331774,0.0007048031707331774,0.0007048031707331774,25.0,0.5,,stress-shadow,1.0,0.07404098881834999,0.25060703829143893,0.125,0.07238203419770223,3077.8460484626617,21.608927845646875,3077.8460484626607,0.06068439539209958,0.06068439539209958,0.9393156046079006,0.9393156046079004,0.9393156046079006,0.9393156046079004,3.1533575426433645e-15,4.547473508864641e-13,0.0024589339971993413,0.053777223033350655,0.10259016675381755,0.6014439905899236,11.80688570127261,0.44873894036337203,0.046779247104773165,0.03490211907546481,313.08479519480613,2963.6052048051934,0.09554910449105841,0.9044508955089415,0.9573513077416145,11.806885701272611,0.07500262703250683,0.9249973729674932,0.3243366055922523,0.7297573625825676,1.5807392455582652,low_shutin_fluid_efficiency_check_C_or_leakoff_terms,14017.0,118.3934119788766,ok,1.0,sneddon,20.071883541194683,0.17518393121208017,0.5929462431278338,0.29575498316525617,2.3660398653220494,ok,-40.6094525135682,113.88486285515751,0.8898714663950992,15.0,699.0,15.0,699.0,685,1.958283273163279,0.046756825151045046,efficiency_consistent_within_0p1,179.5,18815.0,
9,1.0,1.0,,50.0,3327.39,10701.0,10196.764852720917,ok,sigma_min_crossing,1355.0,05:47:31,137.9699,10701.0,1.0494505026409953,True,True,ok,354.0,355.0,0.06989364895833348,110.4999,-7.678396377361209,29.720900782505463,ok,ok,264.0,265.0,0.05292928679514657,111.0199,ok,barree,355.0,110.4999,0.06989364895833348,ok,ok,True,False,0.03376678265258083,eta_G = G_c / (G_c + 2),ok,depends_on_G_function_convention_and_selected_closure_pick;calibration_cross_check_not_unique_truth,3327.39,0.0,113.7699,113.7699,0.0,0.0,3327.39,,3177.7897365207887,980.1047934265827,ok,physical_pkn_storage,phase5d,50.0,cli_or_grid,0.722464726919,human_required_constant,35159.96198923028,ok,181.4311540364043,14.425949301697544,28.420749410667273,15.636980620052116,2.0037822963547125,8.942086253854601,3.7436501755866525,8.0,17.080034319457923,56.101253328278084,28.420749410667273,15.636980620052116,340,0.0009211400356988575,15.0,354.0,5.6597853992565375,ok,stage-constant,0.0009211400356988575,0.0009211400356988575,1.0,m_per_sqrt_second,0.0009211400356988575,0.0009211400356988575,0.0009211400356988575,25.0,0.5,,stress-shadow,1.0,0.07428768507698096,0.25061538297282265,0.125,0.07273533439539458,3145.958845963596,14.42594930169754,3145.9588459635956,0.05452656708002498,0.05452656708002498,0.9454734329199752,0.9454734329199751,0.9454734329199752,0.9454734329199751,1.3876481663079603e-14,5.968558980384842e-13,0.0032121044580923587,0.03729831074007966,0.06989364895833348,0.6041619808224862,13.48272925842256,0.35540783971849293,0.04183281190336935,0.02460881316577741,212.99142802855982,3114.39857197144,0.06401156102186994,0.9359884389781301,0.7002094495949548,13.482729258422564,0.049369842457200434,0.9506301575427996,0.20773522516816512,0.46740425662837154,1.4860808404208852,low_shutin_fluid_efficiency_check_C_or_leakoff_terms,10701.0,103.4456378974,ok,1.0,sneddon,20.156378172028212,0.1757719187321566,0.5929804742640599,0.295762209022283,2.366097672178264,ok,-46.37346946741362,113.4872873684089,0.9496888091919796,15.0,354.0,15.0,355.0,340,1.895696184041907,0.030244778369289113,efficiency_consistent_within_0p1,167.5,18868.0,
10,1.0,1.0,,50.0,3269.9500000000003,10406.0,10003.892215568863,ok,sigma_min_crossing,1375.0,10:01:05,137.5525,10406.0,1.0401951336306228,True,True,ok,760.0,760.0,0.1462381503299012,109.8725,-28.635329423057623,5.299727936423325,ok,ok,77.0,77.0,0.01648477804802334,115.46249999999999,boundary_low_confidence,barree,760.0,109.8725,0.1462381503299012,ok,ok,True,False,0.06813696341546381,eta_G = G_c / (G_c + 2),ok,depends_on_G_function_convention_and_selected_closure_pick;calibration_cross_check_not_unique_truth,3269.9500000000003,0.0,114.1825,114.1825,0.0,0.0,3269.9500000000003,,2354.6359381189054,768.5208640773843,ok,physical_pkn_storage,phase5d,50.0,cli_or_grid,0.722464726919,human_required_constant,35159.96198923028,ok,187.14028238524187,29.742211271630264,28.567927996043636,15.37331306664787,1.7955292449725613,11.173092294958517,3.8741861252625847,8.0,15.955930092751109,56.5264458918437,28.567927996043636,15.37331306664787,746,0.0008867818225766257,15.0,760.0,5.6597853992565375,ok,stage-constant,0.0008867818225766257,0.0008867818225766257,1.0,m_per_sqrt_second,0.0008867818225766257,0.0008867818225766257,0.0008867818225766257,25.0,0.5,,stress-shadow,1.0,0.07032579649994156,0.24887127317096222,0.125,0.07133471297262033,3082.809717614758,29.742211271630293,3082.8097176147585,0.0572303192358421,0.0572303192358421,0.9427696807641578,0.9427696807641579,0.9427696807641578,0.9427696807641579,2.933608077937143e-15,4.831690603168681e-13,0.003302156743892818,0.07694532201196928,0.1462381503299012,0.6252282808841357,12.799666856624471,0.6960507640860535,0.04427665719004911,0.049292077806731734,223.66736695648493,3046.2826330435155,0.06840085229330262,0.9315991477066974,0.7211121292158288,12.79966685662447,0.05333362300877908,0.9466663769912209,0.225353405613871,0.5070451626312097,0.7705014221852926,low_shutin_fluid_efficiency_check_C_or_leakoff_terms,10406.0,102.00980345045274,ok,1.0,sneddon,19.59909173457089,0.1666771171940181,0.5898425389974138,0.2962588507514391,2.3700708060115128,ok,-44.024095477400856,115.56447903389356,0.9288133655250129,15.0,760.0,15.0,760.0,746,1.0038729180845607,0.00026388887783880544,efficiency_consistent_within_0p1,192.0,19092.0,
11,1.0,1.0,,50.0,3153.9500000000003,9946.0,9706.616766467067,ok,sigma_min_crossing,1512.0,06:42:49,134.5488,9946.0,1.0246618610059808,True,True,ok,534.0,535.0,0.11011016247681132,110.28880000000001,-34.72383314491624,5.301301933425539,ok,ok,63.0,64.0,0.014383759363873198,116.1388,boundary_low_confidence,barree,535.0,110.28880000000001,0.11011016247681132,ok,ok,True,False,0.05218218670989475,eta_G = G_c / (G_c + 2),ok,depends_on_G_function_convention_and_selected_closure_pick;calibration_cross_check_not_unique_truth,3153.9500000000003,0.0,119.8388,119.8388,0.0,0.0,3153.9500000000003,,2350.6751502930115,738.681976023616,ok,physical_pkn_storage,phase5d,50.0,cli_or_grid,0.722464726919,human_required_constant,35159.96198923028,ok,137.22878479672525,21.428408825816657,19.625685307005664,10.915992232513783,1.937916588037638,11.666398492734844,4.086101896249875,8.0,11.413585432138694,39.22244848115379,19.625685307005664,10.915992232513783,520,0.0013081614376344872,15.0,534.0,5.6597853992565375,ok,stage-constant,0.0013081614376344872,0.0013081614376344872,1.0,m_per_sqrt_second,0.0013081614376344872,0.0013081614376344872,0.0013081614376344872,25.0,0.5,,stress-shadow,1.0,0.07313282063177262,0.25108751666457246,0.125,0.07266917460600861,3016.7212152032753,21.428408825816653,3016.721215203275,0.04351013326042748,0.04351013326042748,0.9564898667395726,0.9564898667395725,0.9564898667395726,0.9564898667395725,1.6834397124162374e-14,5.115907697472721e-13,0.0034531443432093576,0.05824837811004029,0.11011016247681132,0.6594279111813609,18.459738447765854,0.7599226819159307,0.03317193810168319,0.038227238700618796,208.01973604706774,2945.9302639529324,0.06595530558413029,0.9340446944158697,0.9908114450113754,18.459738447765854,0.05094002228591509,0.949059977714085,0.21469674617871767,0.4830676789021148,0.9749179428553282,low_shutin_fluid_efficiency_check_C_or_leakoff_terms,9946.0,99.72963451251589,ok,1.0,sneddon,20.237143037272293,0.17320146825733193,0.5946540304572573,0.2960392248669888,2.3683137989359104,ok,-63.49175310697185,116.60086087261342,0.9563176329657899,15.0,534.0,15.0,535.0,520,1.2639429227220156,0.013773118874235539,efficiency_consistent_within_0p1,179.0,17284.0,
12,1.0,1.0,,50.0,3194.56,10767.0,9791.598401598403,ok,sigma_min_crossing,1475.0,05:53:45,139.63920000000002,10767.0,1.099616176889196,True,True,ok,408.0,408.0,0.07925880686828662,115.2092,-41.109890100191194,4.037891434329485,ok,ok,75.0,75.0,0.015541351485590346,119.3792,boundary_low_confidence,barree,408.0,115.2092,0.07925880686828662,ok,ok,True,False,0.038118778964155844,eta_G = G_c / (G_c + 2),ok,depends_on_G_function_convention_and_selected_closure_pick;calibration_cross_check_not_unique_truth,3194.56,0.0,120.6392,120.6392,0.0,0.0,3194.56,,2657.1189145785497,579.9431383150413,ok,physical_pkn_storage,phase5d,50.0,cli_or_grid,0.722464726919,human_required_constant,35159.96198923028,ok,175.99292690826655,15.591015855114474,18.995776662961546,10.442134811988113,2.832173030938719,12.89602398223707,5.4339101692519005,8.0,11.394752025626156,37.54137832391564,18.995776662961546,10.442134811988113,394,0.001314075319604978,15.0,408.0,5.6597853992565375,ok,stage-constant,0.001314075319604978,0.001314075319604978,1.0,m_per_sqrt_second,0.001314075319604978,0.001314075319604978,0.001314075319604978,25.0,0.5,,stress-shadow,1.0,0.07430307929151747,0.25059566152776386,0.125,0.07271567020298236,3018.5670730917336,15.591015855114454,3018.5670730917336,0.0550914451155297,0.0550914451155297,0.9449085548844703,0.9449085548844703,0.9449085548844703,0.9449085548844703,1.356162785004049e-14,6.252776074688882e-13,0.0031926271998769357,0.04202578339938674,0.07925880686828662,0.8769414281483229,19.293347574618537,0.5730380140042131,0.04227583296735918,0.027625173798827413,209.36547042405266,2985.194529575948,0.06553812431885851,0.9344618756811417,1.0281032022300387,19.293347574618537,0.05059201793807536,0.9494079820619247,0.21315185418264382,0.47959167191094854,1.3446572223630775,low_shutin_fluid_efficiency_check_C_or_leakoff_terms,10767.0,103.76415566080611,ok,1.0,sneddon,20.15873836436112,0.17581090500699717,0.5929424522390281,0.2957665191728265,2.366132153382612,ok,-66.35892833914609,120.26108239569687,0.9826834913373205,15.0,408.0,15.0,408.0,394,1.7193133174723632,0.027419345354702668,efficiency_consistent_within_0p1,170.5,19086.0,
13,1.0,1.0,,50.0,3189.2200000000003,10184.0,9776.914628057913,ok,sigma_min_crossing,1559.0,05:39:40,138.3977,10184.0,1.041637406833218,False,True,ok,497.0,498.0,0.10072589193983832,114.0977,-40.12625287415096,7.772122267670355,ok,ok,72.0,73.0,0.01598169797458067,119.3077,boundary_low_confidence,barree,498.0,114.0977,0.10072589193983832,ok,ok,True,False,0.047948136559038027,eta_G = G_c / (G_c + 2),ok,depends_on_G_function_convention_and_selected_closure_pick;calibration_cross_check_not_unique_truth,3189.2200000000003,0.0,120.7277,120.7277,0.0,0.0,3189.2200000000003,,2512.2027282699014,588.9499885663154,ok,physical_pkn_storage,phase5d,50.0,cli_or_grid,0.722464726919,human_required_constant,35159.96198923028,ok,171.45011316739811,19.959594133755868,19.46361260429319,10.728738934463259,2.598552438114429,13.153194499170082,5.159324914067904,8.0,11.429817321087,38.66633758269579,19.46361260429319,10.728738934463259,484,0.0013083971440115568,14.0,497.0,5.6597853992565375,ok,stage-constant,0.0013083971440115568,0.0013083971440115568,1.0,m_per_sqrt_second,0.0013083971440115568,0.0013083971440115568,0.0013083971440115568,25.0,0.5,,stress-shadow,1.0,0.07322602284976358,0.25133322433810423,0.12500000000000003,0.07280680927632335,3017.7698868326024,19.959594133755875,3017.769886832602,0.05375926187826431,0.05375926187826431,0.9462407381217358,0.9462407381217356,0.9462407381217358,0.9462407381217356,4.756525751782489e-15,5.968558980384842e-13,0.003373336027212374,0.053231543560764635,0.10072589193983832,0.8326280003717508,18.682661963456944,0.7028584046804575,0.041182208439454,0.03476373760196542,216.21366814903197,2973.0063318509683,0.06779515622911933,0.9322048437708806,1.0323331151154393,18.68266196345694,0.052362839097913366,0.9476371609020867,0.22102484477526177,0.4973059007443389,1.0971600276683364,low_shutin_fluid_efficiency_check_C_or_leakoff_terms,10184.0,100.91580649234291,ok,1.0,sneddon,20.33113803582744,0.17326339626172196,0.5946908810215386,0.2957681393833227,2.3661451150665815,ok,-64.25849229236424,119.96439443408939,0.9572002059626454,14.0,497.0,15.0,498.0,484,1.4139268195677195,0.019847019670081303,efficiency_consistent_within_0p1,147.5,18679.0,
14,1.0,1.0,,50.0,3198.33,10120.0,9783.318385650224,ok,sigma_min_crossing,1443.0,05:36:22,139.13920000000002,10120.0,1.0344138462102601,True,True,ok,718.0,719.0,0.14256211808465882,112.50919999999999,-16.25507503763439,3.560879873618345,ok,ok,152.0,153.0,0.03296586712640168,115.7992,ok,barree,719.0,112.50919999999999,0.14256211808465882,ok,ok,True,False,0.0665381492939407,eta_G = G_c / (G_c + 2),ok,depends_on_G_function_convention_and_selected_closure_pick;calibration_cross_check_not_unique_truth,3198.33,0.0,118.9292,118.9292,0.0,0.0,3198.33,,2727.045983940098,715.0525992469121,ok,physical_pkn_storage,phase5d,50.0,cli_or_grid,0.722464726919,human_required_constant,35159.96198923028,ok,248.4166284654887,28.71547229076775,32.41035131135152,17.584783517380835,2.2888695458603014,11.49011096912462,4.495033964095972,8.0,18.93004761955762,63.789077189446026,32.41035131135152,17.584783517380835,705,0.0007593816278832667,14.0,718.0,5.6597853992565375,ok,stage-constant,0.0007593816278832667,0.0007593816278832667,1.0,m_per_sqrt_second,0.0007593816278832667,0.0007593816278832667,0.0007593816278832667,25.0,0.5,,stress-shadow,1.0,0.07260842513544731,0.25233726070458673,0.12499999999999999,0.0735110609851229,2949.9133715345106,28.715472290767753,2949.913371534511,0.0776707308081057,0.0776707308081057,0.9223292691918941,0.9223292691918943,0.9223292691918941,0.9223292691918943,1.8826862842551306e-14,5.684341886080801e-13,0.0033944311916768136,0.0750613714670535,0.14256211808465882,0.7254226480141147,10.809119425287687,0.5734120792069892,0.05991290013794823,0.04735829620631469,327.26360278076606,2871.0663972192333,0.10232327582856243,0.8976767241714374,0.9403824039612889,10.809119425287685,0.08003593834253635,0.9199640616574637,0.34799593452961064,0.7829908526916239,1.220506328065908,below_20pct_reference_check_local_assumptions,10120.0,100.59821071967433,ok,1.0,sneddon,20.5710439543491,0.17069396726578034,0.5932155674537212,0.29386046961382145,2.3508837569105716,ok,-37.17766336701263,117.1870971804102,0.924191325076089,14.0,718.0,15.0,719.0,705,1.5378136740253536,0.035785126534621736,efficiency_consistent_within_0p1,155.0,18766.0,
15,1.0,1.0,,50.0,3264.1,10420.0,10041.056829511466,ok,sigma_min_crossing,1540.0,05:45:30,132.7579,10420.0,1.0377393711561107,True,True,ok,737.0,737.0,0.14197267937273492,113.0979,-27.402029758716694,8.774563814405983,ok,ok,73.0,73.0,0.015628487167050266,117.9779,boundary_low_confidence,barree,737.0,113.0979,0.14197267937273492,ok,ok,True,False,0.06628127461192028,eta_G = G_c / (G_c + 2),ok,depends_on_G_function_convention_and_selected_closure_pick;calibration_cross_check_not_unique_truth,3264.1,0.0,118.7379,118.7379,0.0,0.0,3264.1,,2554.222575823897,641.5702975303586,ok,physical_pkn_storage,phase5d,50.0,cli_or_grid,0.722464726919,human_required_constant,35159.96198923028,ok,247.1378197202137,29.004460014991782,30.708394270797548,16.859627397948927,2.355076500298675,12.318499097123016,4.695087995774572,8.0,17.750655257445214,61.253250690627496,30.708394270797548,16.859627397948927,723,0.0008079891902539351,15.0,737.0,5.6597853992565375,ok,stage-constant,0.0008079891902539351,0.0008079891902539351,1.0,m_per_sqrt_second,0.0008079891902539351,0.0008079891902539351,0.0008079891902539351,25.0,0.5,,stress-shadow,1.0,0.07189917835372495,0.2539710920086298,0.125,0.0742076847150988,3016.9621802797865,29.004460014991782,3016.962180279786,0.07571392412003729,0.07571392412003729,0.9242860758799628,0.9242860758799627,0.9242860758799628,0.9242860758799627,1.179324042755353e-15,5.968558980384842e-13,0.0032977687859978033,0.0747088035996452,0.14197267937273492,0.7577079937012359,11.670229136429617,0.6161850989126938,0.05808807832344226,0.04723852537510875,309.54059325242827,2954.5594067475718,0.09483183519268046,0.9051681648073195,0.927003544812679,11.670229136429619,0.07358787189769213,0.9264121281023079,0.3177327656468914,0.7148987227055057,1.118992636649183,low_shutin_fluid_efficiency_check_C_or_leakoff_terms,10420.0,102.07840124139877,ok,1.0,sneddon,21.0528022635978,0.1682449867693493,0.5942955676707729,0.2925015810709763,2.3400126485678103,ok,-40.13942608822044,118.15026462747495,0.9416691119566596,15.0,737.0,15.0,737.0,723,1.4307485145378531,0.02855056058076018,efficiency_consistent_within_0p1,148.0,18822.0,
16,1.0,1.0,,50.0,3239.15,11096.0,9999.899849774663,ok,sigma_min_crossing,1492.0,05:53:02,132.397,11096.0,1.1096111127802981,True,True,ok,934.0,935.0,0.1667932970493636,109.09700000000001,-16.19140483036849,14.013642880703582,ok,ok,72.0,73.0,0.01469845693194046,113.81700000000001,boundary_low_confidence,barree,935.0,109.09700000000001,0.1667932970493636,ok,ok,True,False,0.07697702280900297,eta_G = G_c / (G_c + 2),ok,depends_on_G_function_convention_and_selected_closure_pick;calibration_cross_check_not_unique_truth,3239.15,0.0,116.08699999999999,116.08699999999999,0.0,0.0,3239.15,,2550.22501633572,896.9272245508448,ok,physical_pkn_storage,phase5d,50.0,cli_or_grid,0.722464726919,human_required_constant,35159.96198923028,ok,237.68139695330066,34.023607264685026,39.77308521049502,21.684980238067432,1.7729183924096723,9.825713328142987,3.498106402754712,8.0,23.747820690446915,79.11577764210494,39.77308521049502,21.684980238067432,921,0.0005963571234184959,14.0,934.0,5.6597853992565375,ok,stage-constant,0.0005963571234184959,0.0005963571234184959,1.0,m_per_sqrt_second,0.0005963571234184959,0.0005963571234184959,0.0005963571234184959,25.0,0.5,,stress-shadow,1.0,0.07494563198524991,0.2533914217354541,0.125,0.07353755536602298,3001.4686030467,34.02360726468504,3001.4686030466996,0.07337770617393473,0.07337770617393473,0.9266222938260654,0.9266222938260653,0.9266222938260654,0.9266222938260653,1.181923421481513e-14,6.252776074688882e-13,0.0030989648457979326,0.08764637106634873,0.1667932970493636,0.5645353583511371,8.888523160566535,0.5505839845201086,0.056432980102710875,0.05503835071384236,345.4821566434765,2893.667843356524,0.10665827659832873,0.8933417234016714,0.81088181266938,8.888523160566535,0.08360119150678721,0.9163988084932129,0.36491182979274417,0.8210516170336744,1.0939043602116278,below_20pct_reference_check_local_assumptions,11096.0,105.33755265810954,ok,1.0,sneddon,20.641437153299854,0.17734504275379312,0.5996041574506003,0.29578949108851416,2.3663159287081132,ok,-30.57182633400711,113.60584731148506,0.9263196350305145,14.0,934.0,15.0,935.0,921,1.3855858892201056,0.029681253789325762,efficiency_consistent_within_0p1,156.0,19625.0,
17,1.0,1.0,,50.0,3340.49,15340.0,10198.50448654038,ok,sigma_min_crossing,1227.0,05:41:49,135.9381,15340.0,1.5041421043884602,False,True,ok,386.0,387.0,0.05387535488550844,114.21809999999999,-89.19266483038882,9.247924357263635,ok,ok,59.0,60.0,0.008833360759485893,118.91810000000001,boundary_low_confidence,barree,387.0,114.21809999999999,0.05387535488550844,ok,ok,True,False,0.026231073252501083,eta_G = G_c / (G_c + 2),ok,depends_on_G_function_convention_and_selected_closure_pick;calibration_cross_check_not_unique_truth,3340.49,0.0,119.7081,119.7081,0.0,0.0,3340.49,,2534.8031040159017,589.515751234494,ok,physical_pkn_storage,phase5d,50.0,cli_or_grid,0.722464726919,human_required_constant,35159.96198923028,ok,113.3282962249939,11.031630903573655,12.658694848908892,7.11545534241834,2.6579268429862837,12.59890051942009,5.222825430754329,8.0,7.553871455873056,25.234050909571476,12.658694848908892,7.11545534241834,373,0.0017826204888572287,14.0,386.0,5.6597853992565375,ok,stage-constant,0.0017826204888572287,0.0017826204888572287,1.0,m_per_sqrt_second,0.0017826204888572287,0.0017826204888572287,0.0017826204888572287,25.0,0.5,,stress-shadow,1.0,0.07430307929151747,0.25059566152776386,0.125,0.07271567020298236,3227.1617037750066,11.031630903573634,3227.1617037750057,0.03392565049588351,0.03392565049588351,0.9660743495041167,0.9660743495041164,0.9660743495041167,0.9660743495041164,3.497470409800386e-14,6.821210263296962e-13,0.0022487375185871027,0.02850231105915107,0.05387535488550844,0.8428759124749455,31.240037519245675,0.6292911861923627,0.02576640499532069,0.01923719888471739,133.77414539000392,3206.7158546099963,0.04004626428757575,0.9599537357124244,0.983660191737709,31.240037519245675,0.030525987444402766,0.9694740125555972,0.12594865689667847,0.2833844780175266,1.1688893480547313,very_low_shutin_fluid_efficiency_check_C_units_or_stable_slope,15340.0,123.85475364312829,ok,1.0,sneddon,20.15873836436112,0.17581090500699717,0.5929424522390281,0.2957665191728265,2.366132153382612,ok,-107.44923363009735,119.8211608633704,0.9869951416909892,14.0,386.0,15.0,387.0,373,1.5266727328344225,0.01381519103507467,efficiency_consistent_within_0p1,185.0,17497.0,
18,1.0,1.0,,50.0,3273.77,10353.0,10005.822532402792,ok,sigma_min_crossing,1197.0,05:41:40,131.2221,10353.0,1.0346975440022959,True,True,ok,764.0,765.0,0.14781938855911592,109.13210000000001,-44.07017083519908,11.204763538874026,ok,ok,208.0,209.0,0.04353198870267027,112.87209999999999,ok,barree,765.0,109.13210000000001,0.14781938855911592,ok,ok,True,False,0.06882300688154319,eta_G = G_c / (G_c + 2),ok,depends_on_G_function_convention_and_selected_closure_pick;calibration_cross_check_not_unique_truth,3273.77,0.0,116.41210000000001,116.41210000000001,0.0,0.0,3273.77,,1984.8751695341905,695.6483240217806,ok,physical_pkn_storage,phase5d,50.0,cli_or_grid,0.722464726919,human_required_constant,35159.96198923028,ok,182.2768482235174,30.045194418253033,28.488147459256094,15.936210752469574,1.8286422132535152,10.203196280219975,3.714823167382519,8.0,17.354688912213497,57.21106612078397,28.488147459256094,15.936210752469574,751,0.0008935556282662518,14.0,764.0,5.6597853992565375,ok,stage-constant,0.0008935556282662518,0.0008935556282662518,1.0,m_per_sqrt_second,0.0008935556282662518,0.0008935556282662518,0.0008935556282662518,25.0,0.5,,stress-shadow,1.0,0.07688563152429286,0.2532780089676797,0.12499999999999999,0.07401431796006967,3091.4931517764826,30.045194418253036,3091.4931517764826,0.05567796400587622,0.05567796400587622,0.9443220359941238,0.9443220359941238,0.9443220359941238,0.9443220359941238,1.4154086986645936e-14,4.263256414560601e-13,0.0033188749054337938,0.07778169264654466,0.14781938855911592,0.5995097880264362,12.864552237828915,0.7071834549272263,0.042304664670400546,0.04990270303949131,256.8759497042064,3016.894050295793,0.0784648737401242,0.9215351262598757,0.8279604660540358,12.864552237828915,0.060468117427361676,0.9395318825726383,0.25743934207655456,0.5792385196722477,0.870790173690914,low_shutin_fluid_efficiency_check_C_or_leakoff_terms,10353.0,101.74969287422935,ok,1.0,sneddon,20.868618826407193,0.1822791053970268,0.6004670570571008,0.2963478054729799,2.370782443783839,ok,-44.24726692781667,115.07697631796074,0.9679549122268287,14.0,764.0,15.0,765.0,751,1.1400965650218742,0.00964186685858101,efficiency_consistent_within_0p1,142.5,18814.0,
19,1.0,1.0,,50.0,3278.1400000000003,10596.0,10005.822532402792,ok,sigma_min_crossing,1250.0,05:37:37,129.7686,10596.0,1.0589834034819208,True,True,ok,764.0,765.0,0.14469004414938577,109.1486,-45.01376905470519,11.200113546661878,ok,ok,208.0,209.0,0.04257416124986041,112.8886,ok,barree,765.0,109.1486,0.14469004414938577,ok,ok,True,False,0.06746431473587218,eta_G = G_c / (G_c + 2),ok,depends_on_G_function_convention_and_selected_closure_pick;calibration_cross_check_not_unique_truth,3278.1400000000003,0.0,116.4286,116.4286,0.0,0.0,3278.1400000000003,,1988.9762841686986,695.9410320726457,ok,physical_pkn_storage,phase5d,50.0,cli_or_grid,0.722464726919,human_required_constant,35159.96198923028,ok,177.5602778874597,29.211742788141535,28.001805551687525,15.412339461463265,1.766653460053313,10.085120993152742,3.712416688306756,8.0,16.491430753572562,55.689063797075576,28.001805551687525,15.412339461463265,751,0.0009022280258075509,14.0,764.0,5.6597853992565375,ok,stage-constant,0.0009022280258075509,0.0009022280258075509,1.0,m_per_sqrt_second,0.0009022280258075509,0.0009022280258075509,0.0009022280258075509,25.0,0.5,,stress-shadow,1.0,0.07430307929151747,0.25059566152776386,0.125,0.07271567020298236,3100.579722112541,29.21174278814152,3100.579722112541,0.054164946551233224,0.054164946551233224,0.9458350534487668,0.9458350534487668,0.9458350534487668,0.9458350534487668,1.57435833862158e-14,6.536993168992922e-13,0.0032435869425656463,0.07610756314063391,0.14469004414938577,0.5991214229022849,13.140965083793386,0.706830213014823,0.04147053897561963,0.048926025305487286,250.1344509947475,3028.0055490052528,0.0763037731746501,0.9236962268253499,0.8271239948634793,13.140965083793386,0.05921525773538476,0.9407847422646153,0.25176963475340564,0.5664816781951627,0.8700309555972805,low_shutin_fluid_efficiency_check_C_or_leakoff_terms,10596.0,102.93687385966217,ok,1.0,sneddon,20.15873836436112,0.17581090500699717,0.5929424522390281,0.2957665191728265,2.366132153382612,ok,-45.1979811657909,115.09175720673602,0.9678623149425623,14.0,764.0,15.0,765.0,751,1.131024208477994,0.008839458438777925,efficiency_consistent_within_0p1,137.5,19766.0,
20,1.0,1.0,,50.0,3255.93,10322.0,9955.152119700748,ok,sigma_min_crossing,1276.0,05:33:32,128.6717,10322.0,1.0368500527051996,True,True,ok,807.0,807.0,0.15570542696064538,110.1417,-33.175320017771504,9.898139728688136,ok,ok,59.0,59.0,0.012811295519882164,114.2817,boundary_low_confidence,barree,807.0,110.1417,0.15570542696064538,ok,ok,True,False,0.07222945445759549,eta_G = G_c / (G_c + 2),ok,depends_on_G_function_convention_and_selected_closure_pick;calibration_cross_check_not_unique_truth,3255.93,0.0,115.7517,115.7517,0.0,0.0,3255.93,,2218.201210781577,706.3393341201518,ok,physical_pkn_storage,phase5d,50.0,cli_or_grid,0.722464726919,human_required_constant,35159.96198923028,ok,260.16161306348914,31.46766010528658,40.15122860988638,21.496830535376464,1.9436601166344785,9.809594098024844,3.8206899054410286,8.0,23.946524503453027,79.31340117079512,40.15122860988638,21.496830535376464,793,0.0006136127385516759,15.0,807.0,5.6597853992565375,ok,stage-constant,0.0006136127385516759,0.0006136127385516759,1.0,m_per_sqrt_second,0.0006136127385516759,0.0006136127385516759,0.0006136127385516759,25.0,0.5,,stress-shadow,1.0,0.0743241933659108,0.25092153513440496,0.125,0.07275188950825133,2995.7683869365105,31.467660105286587,2995.7683869365105,0.07990393315074008,0.07990393315074008,0.9200960668492598,0.9200960668492598,0.9200960668492598,0.9200960668492598,7.347352374820709e-15,6.821210263296962e-13,0.0033287323660040626,0.08192310143170572,0.15570542696064538,0.6165948935167271,8.820968423886825,0.5107197817153131,0.061980030862947594,0.051337479706478034,342.58409918019834,2913.3459008198015,0.10521850874564206,0.8947814912543579,0.7962957528358641,8.820968423886825,0.08279857329521968,0.9172014267047803,0.36109221326743557,0.81245747985173,1.1595363768492855,below_20pct_reference_check_local_assumptions,10322.0,101.59724405711013,ok,1.0,sneddon,20.15818408815351,0.1761886306402892,0.5948200669442713,0.29631776454821757,2.3705421163857405,ok,-30.339473710235577,114.47939798139167,0.9689026825056364,15.0,807.0,15.0,807.0,793,1.4567257850107924,0.032989054288046576,efficiency_consistent_within_0p1,142.5,19083.0,
21,1.0,1.0,,50.0,3303.9300000000003,13886.0,10106.440677966102,ok,sigma_min_crossing,1293.0,05:36:31,129.3897,13886.0,1.373975313611055,True,True,ok,490.0,520.0,0.07837853443712428,110.8697,-32.06287649842283,2.58807526240305,ok,ok,69.0,69.0,0.011170347108041673,112.8997,boundary_low_confidence,barree,520.0,110.8697,0.07837853443712428,ok,ok,True,False,0.037711385649174395,eta_G = G_c / (G_c + 2),ok,depends_on_G_function_convention_and_selected_closure_pick;calibration_cross_check_not_unique_truth,3303.9300000000003,0.0,113.4697,113.4697,0.0,0.0,3303.9300000000003,,2722.605148863391,813.3316358591933,ok,physical_pkn_storage,phase5d,50.0,cli_or_grid,0.722464726919,human_required_constant,35159.96198923028,ok,262.7947872133164,16.322315295392325,40.89754734090468,21.88862035186702,2.0692416086608545,8.597487674730239,3.793862508316017,8.0,24.862832717711296,79.89181011019306,40.89754734090468,21.88862035186702,476,0.0005421280747261074,15.0,490.0,5.6597853992565375,ok,stage-constant,0.0005421280747261074,0.0005421280747261074,1.0,m_per_sqrt_second,0.0005421280747261074,0.0005421280747261074,0.0005421280747261074,25.0,0.5,,stress-shadow,1.0,0.07430307929151747,0.25059566152776386,0.125,0.07271567020298236,3041.1352127866844,16.32231529539232,3041.135212786684,0.07954005902465136,0.07954005902465136,0.9204599409753488,0.9204599409753487,0.9204599409753488,0.9204599409753487,2.268959996544858e-14,7.105427357601002e-13,0.0024819105270764068,0.040251681325706216,0.07837853443712428,0.6122654042142662,9.03920949637191,0.25714288045766087,0.061791202137758336,0.02595143804513285,298.2199513797776,3005.7100486202226,0.0902621881758323,0.9097378118241677,0.6858905894873066,9.03920949637191,0.0705278694750531,0.9294721305249468,0.3035179524327229,0.6829153929736265,1.9362313585756492,low_shutin_fluid_efficiency_check_C_or_leakoff_terms,13886.0,117.83887304281215,ok,1.0,sneddon,20.15873836436112,0.17581090500699717,0.5929424522390281,0.2957665191728265,2.366132153382612,ok,-31.090107763433696,113.17865011847896,0.9820180482503662,15.0,490.0,15.0,520.0,476,2.393499645320203,0.052550802526657905,efficiency_consistent_within_0p1,154.0,18058.0,
22,1.0,1.0,,50.0,3321.6,10483.0,10120.119581464873,ok,sigma_min_crossing,1162.0,15:04:18,130.08749999999998,10483.0,1.035857325164393,True,True,ok,770.0,770.0,0.1470088346318915,108.8175,-0.2748890479639698,5.462138811206838,ok,ok,73.0,73.0,0.015536838134830745,111.9275,boundary_low_confidence,barree,770.0,108.8175,0.1470088346318915,ok,ok,True,False,0.06847146237155396,eta_G = G_c / (G_c + 2),ok,depends_on_G_function_convention_and_selected_closure_pick;calibration_cross_check_not_unique_truth,3321.6,0.0,115.4175,115.4175,0.0,0.0,3321.6,,3307.844026012198,1196.8476482726146,ok,physical_pkn_storage,phase5d,50.0,cli_or_grid,0.722464726919,human_required_constant,35159.96198923028,ok,283.8109778340545,30.9598274481261,51.44668402938554,27.361394880176594,1.7084424694054952,9.283996445932582,3.2595035315063337,8.0,30.831202002916093,100.59680889792358,51.44668402938554,27.361394880176594,756,0.0004833152095612481,15.0,770.0,5.6597853992565375,ok,stage-constant,0.0004833152095612481,0.0004833152095612481,1.0,m_per_sqrt_second,0.0004833152095612481,0.0004833152095612481,0.0004833152095612481,25.0,0.5,,stress-shadow,1.0,0.07430307929151747,0.25059566152776386,0.125,0.07271567020298236,3037.7890221659454,30.959827448126106,3037.7890221659454,0.08544405642884588,0.08544405642884588,0.9145559435711541,0.9145559435711541,0.9145559435711541,0.9145559435711541,1.515072605880002e-14,6.821210263296962e-13,0.003278166816600954,0.0773383755564236,0.1470088346318915,0.5260288802984,7.001856862043889,0.3827086699507753,0.06649675775071354,0.048379255717629265,418.2489797114391,2903.3510202885614,0.12591792500946505,0.8740820749905351,0.778862446255602,7.001856862043888,0.10010159927306589,0.8998984007269341,0.4449462258948532,1.0011290082634197,1.513331586530135,below_20pct_reference_check_local_assumptions,10483.0,102.38652255057792,ok,1.0,sneddon,20.15873836436112,0.17581090500699717,0.5929424522390281,0.2957665191728265,2.366132153382612,ok,-24.08269046894603,111.98304526042556,0.9101394725711882,15.0,770.0,15.0,770.0,756,1.8389840182787867,0.05744646263791109,efficiency_consistent_within_0p1,167.0,18714.0,
23,1.0,1.0,,50.0,3182.7200000000003,10112.0,9719.973073375058,ok,sigma_min_crossing,1180.0,05:33:46,133.37709999999998,10112.0,1.0403321000650487,True,True,ok,659.0,659.0,0.13161944714683485,109.0471,-15.455941607410905,5.879347848878707,ok,ok,83.0,83.0,0.01823735762012902,111.4071,boundary_low_confidence,barree,659.0,109.0471,0.13161944714683485,ok,ok,True,False,0.06174622178597921,eta_G = G_c / (G_c + 2),ok,depends_on_G_function_convention_and_selected_closure_pick;calibration_cross_check_not_unique_truth,3182.7200000000003,0.0,112.0771,112.0771,0.0,0.0,3182.7200000000003,,2642.3312412500413,933.9834324105223,ok,physical_pkn_storage,phase5d,50.0,cli_or_grid,0.722464726919,human_required_constant,35159.96198923028,ok,306.84652246312135,26.13049400064645,55.43144370589987,30.055466096618268,1.648876509690383,8.018687527234544,3.2327825877086,8.0,32.26963606251669,110.73096174854706,55.43144370589987,30.055466096618268,645,0.0004346701492820407,15.0,659.0,5.6597853992565375,ok,stage-constant,0.0004346701492820407,0.0004346701492820407,1.0,m_per_sqrt_second,0.0004346701492820407,0.0004346701492820407,0.0004346701492820407,25.0,0.5,,stress-shadow,1.0,0.07123772860841314,0.25550719209478795,0.12499999999999997,0.07497115319388983,2875.873477536878,26.13049400064645,2875.873477536879,0.09641015309644622,0.09641015309644622,0.9035898469035535,0.9035898469035538,0.9035898469035535,0.9035898469035538,7.75538117790869e-15,4.831690603168681e-13,0.003397086704352247,0.06933785843483252,0.13161944714683485,0.5217165707670331,6.184695466519629,0.3030740626854295,0.07443007423455913,0.043237700790452555,365.7563096522467,2816.963690347753,0.11491941158890719,0.8850805884110927,0.609154392713151,6.1846954665196305,0.08966262212658638,0.9103373778734136,0.3939753515824739,0.8864445410605662,1.4966456709963019,below_20pct_reference_check_local_assumptions,10112.0,100.55844071981228,ok,1.0,sneddon,21.50543647453655,0.16576454541427973,0.5945449746227534,0.29086508766560926,2.326920701324874,ok,-21.272086747772825,111.68933225736002,0.9679826523961202,15.0,659.0,15.0,659.0,645,1.861156978757882,0.05317318980292798,efficiency_consistent_within_0p1,170.5,18718.0,
24,1.0,1.0,,50.0,2499.0800000000004,8521.0,8501.612368856986,ok,sigma_min_crossing,1137.0,05:54:40,127.51589999999999,8521.0,1.0022804651990527,True,True,ok,856.0,858.0,0.19624859759915717,108.57589999999999,-15.96690309233686,8.175970936482146,ok,ok,78.0,79.0,0.020531542408917202,111.85589999999999,boundary_low_confidence,barree,858.0,108.57589999999999,0.19624859759915717,ok,ok,True,False,0.08935627679566309,eta_G = G_c / (G_c + 2),ok,depends_on_G_function_convention_and_selected_closure_pick;calibration_cross_check_not_unique_truth,2499.0800000000004,0.0,112.55590000000001,112.55590000000001,0.0,0.0,2499.0800000000004,,1878.0485462096772,696.8426798368647,ok,physical_pkn_storage,phase5d,50.0,cli_or_grid,0.722464726919,human_required_constant,35159.96198923028,ok,298.38823924708976,34.2479342256977,62.02441379088782,23.81214638468759,2.4132732214977652,8.772723744675364,4.253504129918106,6.0,41.24035467447085,99.05244982464798,62.02441379088782,23.81214638468759,843,0.00042216157678719434,14.0,856.0,5.6597853992565375,ok,stage-constant,0.0004221615767871944,0.0004221615767871944,1.0,m_per_sqrt_second,0.0004221615767871944,0.0004221615767871944,0.00042216157678719434,25.0,0.5,,stress-shadow,1.0,0.11003999337146537,0.26852851559435154,0.16666666666666666,0.07217718362924579,2200.6917607529103,34.24793422569767,2200.691760752911,0.119399234617175,0.119399234617175,0.8806007653828248,0.8806007653828251,0.8806007653828248,0.8806007653828251,1.308140362870315e-14,5.684341886080801e-13,0.004023344215018156,0.10368629789837769,0.19624859759915717,0.6864438075240951,5.513964415646718,0.4040595299439448,0.1039362796798211,0.06117972636831859,374.52320273765906,2124.556797262341,0.14986443120574733,0.8501355687942527,0.8376355533537757,5.513964415646716,0.13187788233546274,0.8681221176645372,0.6076466877275137,1.367205047386906,1.548155490437307,below_20pct_reference_check_local_assumptions,8521.0,92.30926280715278,ok,1.0,sneddon,10.48082406890496,0.2546748299895278,0.6214781731717678,0.38573071206001464,2.314384272360088,ok,-18.965126093714535,112.09355740303845,0.9739830658291695,14.0,856.0,15.0,858.0,843,1.677156172794131,0.06050815441008424,efficiency_consistent_within_0p1,161.0,13213.0,
25,1.0,1.0,,50.0,,,,not_computed,,,,,,,False,False,not_computed,,,,,,,not_computed,not_computed,,,,,not_computed,none,,,,not_computed,not_computed,True,False,,eta_G = G_c / (G_c + 2),invalid_closure_g_time,depends_on_G_function_convention_and_selected_closure_pick;calibration_cross_check_not_unique_truth,,,,,,,,no_valid_falloff_manifest_row,,,not_computed,physical_pkn_storage,phase5d,,,,,,not_computed,,,,,,,,,,,,,0,,,,,not_computed,,,,,,,,,,,derivatives_not_available,,,,,,,,,,,,,,,,,,,,,,,,,,,,,,,,,,,,,,,,not_computed,,,,,,,,not_computed,,,,,,,,0,,,missing_efficiency_reference,179.0,18072.0,no_valid_falloff_manifest_row
26,1.0,1.0,,50.0,3226.74,10216.0,9843.441396508728,ok,sigma_min_crossing,1213.0,09:26:15,134.8735,10216.0,1.0378484097668739,False,True,ok,713.0,713.0,0.14023463861520896,111.95349999999999,-16.343257136904576,10.24834778208944,ok,ok,80.0,80.0,0.01742053906815194,114.0635,boundary_low_confidence,barree,713.0,111.95349999999999,0.14023463861520896,ok,ok,True,False,0.06552302074035427,eta_G = G_c / (G_c + 2),ok,depends_on_G_function_convention_and_selected_closure_pick;calibration_cross_check_not_unique_truth,3226.74,0.0,114.46350000000001,114.46350000000001,0.0,0.0,3226.74,,2700.208861568857,851.4152533044239,ok,physical_pkn_storage,phase5d,50.0,cli_or_grid,0.722464726919,human_required_constant,37060.50047513462,ok,404.8031371249386,28.668214528309342,67.94427172248264,35.822353063916744,1.9488588306661712,9.071145641214056,3.688831906683414,8.0,40.28319208964326,133.69249015951888,67.94427172248264,35.822353063916744,699,0.00034516341982441205,15.0,713.0,5.6597853992565375,ok,stage-constant,0.00034516341982441205,0.00034516341982441205,1.0,m_per_sqrt_second,0.00034516341982441205,0.00034516341982441205,0.00034516341982441205,25.0,0.5,,stress-shadow,1.0,0.07145897412756186,0.25595709827668545,0.12500000000000003,0.07535021142954776,2821.9368628750617,28.66821452830935,2821.9368628750613,0.12545266650704384,0.12545266650704384,0.8745473334929563,0.8745473334929562,0.8745473334929563,0.8745473334929562,4.066052851273821e-15,5.400124791776761e-13,0.003362886732533076,0.07382840742440387,0.14023463861520896,0.5647862505222986,4.9363412910744175,0.2575661021149124,0.09807541179743659,0.0447264810476885,464.56199381955855,2762.178006180442,0.14397255242739068,0.8560274475726096,0.6334141511651988,4.9363412910744175,0.11372387131426744,0.8862761286857326,0.5132660922862028,1.1548487076439562,1.8300260811259266,below_20pct_reference_check_local_assumptions,10216.0,101.07423014794622,ok,1.0,sneddon,21.522885888172993,0.1658109355227101,0.5939140106206211,0.2900456827625316,2.320365462100253,ok,-17.896159302154896,114.23935152112136,0.9287712930227607,15.0,713.0,15.0,713.0,699,2.197281975107735,0.07844953168703642,efficiency_consistent_within_0p1,135.5,18208.0,
27,1.0,1.0,,50.0,3209.34,10138.0,9790.204488778056,ok,sigma_min_crossing,1151.0,05:49:34,130.0977,10138.0,1.0355248464544946,False,True,ok,568.0,569.0,0.1145601071861022,112.5277,-7.131098098761599,3.862063699173302,ok,ok,402.0,403.0,0.0829180435808448,112.9177,ok,barree,569.0,112.5277,0.1145601071861022,ok,ok,True,False,0.05417680339129739,eta_G = G_c / (G_c + 2),ok,depends_on_G_function_convention_and_selected_closure_pick;calibration_cross_check_not_unique_truth,3209.34,0.0,113.9677,113.9677,0.0,0.0,3209.34,,3009.8795126113378,904.8536313118466,ok,physical_pkn_storage,phase5d,50.0,cli_or_grid,0.722464726919,human_required_constant,37060.50047513462,ok,755.067039630543,20.06526488668738,130.37515964177317,59.11652067072029,2.0435855903919564,7.793090177499796,3.720056711253109,8.0,83.45627468025229,237.25825592535168,130.37515964177317,59.11652067072029,477,0.0001575821947805908,92.0,568.0,5.6597853992565375,ok,stage-constant,0.0001575821947805908,0.0001575821947805908,1.0,m_per_sqrt_second,0.0001575821947805908,0.0001575821947805908,0.0001575821947805908,25.0,0.5,,stress-shadow,1.0,0.07124343083236863,0.2543512222882973,0.125,0.07471316929277738,2454.2729603694575,20.06526488668739,2454.272960369457,0.23527175046288115,0.23527175046288115,0.7647282495371189,0.7647282495371188,0.7647282495371189,0.7647282495371188,2.7766282168906222e-14,4.831690603168681e-13,0.020320961073111703,0.06838372859658172,0.1145601071861022,0.5695669889084144,2.2450357522628037,0.10850158070836322,0.1948500382436498,0.03711861389832155,822.9524375431474,2386.3875624568527,0.2564241986025623,0.7435758013974376,0.6131018211563981,2.2450357522628033,0.21451095526620925,0.7854890447337908,1.0923689220333246,2.4578300745749804,4.767667161216853,no_low_efficiency_warning,10138.0,100.68763578513501,ok,1.0,sneddon,21.216999139651083,0.16577184636160497,0.5918338189281194,0.29085461709384797,2.3268369367507837,ok,-8.139128778266354,113.54667391049261,0.8025836047824148,92.0,568.0,93.0,569.0,477,4.7330994549551555,0.20224739521126495,pkn_efficiency_much_higher_than_g_function_check_storage,147.5,18927.0,
28,1.0,1.0,,50.0,3240.87,10213.0,9871.061285500746,ok,sigma_min_crossing,1180.0,13:33:37,129.6725,10213.0,1.0346405218860828,True,True,ok,495.0,495.0,0.09989140452009758,107.3425,-19.116118951993695,2.5052258565240018,ok,ok,72.0,72.0,0.015724419246100754,109.80250000000001,boundary_low_confidence,barree,495.0,107.3425,0.09989140452009758,ok,ok,True,False,0.04756979542136201,eta_G = G_c / (G_c + 2),ok,depends_on_G_function_convention_and_selected_closure_pick;calibration_cross_check_not_unique_truth,3240.87,0.0,109.2425,109.2425,0.0,0.0,3240.87,,2557.2052573514025,1326.864636403058,ok,physical_pkn_storage,phase5d,50.0,cli_or_grid,0.722464726919,human_required_constant,37060.50047513462,ok,163.49529093233363,20.117607279277248,41.09237256435877,23.47738146866537,1.2029513283242093,6.639939164364555,2.415360368684816,8.0,23.88704933418377,82.90023568427172,41.09237256435877,23.47738146866537,481,0.000631257935208235,15.0,495.0,5.6597853992565375,ok,stage-constant,0.000631257935208235,0.000631257935208235,1.0,m_per_sqrt_second,0.000631257935208235,0.000631257935208235,0.000631257935208235,25.0,0.5,,stress-shadow,1.0,0.07258547800525365,0.25476490821944686,0.12499999999999999,0.07513196207232231,3077.3747090676657,20.117607279277255,3077.374709067666,0.05044796333463966,0.05044796333463966,0.9495520366653601,0.9495520366653603,0.9495520366653601,0.9495520366653603,9.336029293147263e-15,7.389644451905042e-13,0.003363863595544929,0.05279382967746384,0.09989140452009758,0.36980875268891195,9.026585279222504,0.3367958126913958,0.03799461005006247,0.03460281963760871,182.47908293954998,3058.3909170604497,0.056305585518564454,0.9436944144814355,0.40155204873590344,9.026585279222504,0.04259081457639911,0.957409185423601,0.1779419509435979,0.4003693896230953,0.8906769896693012,low_shutin_fluid_efficiency_check_C_or_leakoff_terms,10213.0,101.05938848023968,ok,1.0,sneddon,21.407800340590487,0.16842160704574163,0.5911363600591635,0.29004012178846483,2.3203209743077187,ok,-32.7248864262163,110.2553487953767,0.9448333258284889,15.0,495.0,15.0,495.0,481,1.1836415317707987,0.00873579009720244,efficiency_consistent_within_0p1,171.0,17887.0,
29,1.0,1.0,,50.0,3059.45,28745.0,9328.444666001995,ok,sigma_min_crossing,1065.0,05:29:00,132.8172,28745.0,3.081435440654181,False,True,ok,345.0,346.0,0.02644905410251252,112.0772,18.067615232225318,2.0821894755669805,ok,ok,67.0,68.0,0.00538580824104994,118.8672,boundary_low_confidence,barree,346.0,112.0772,0.02644905410251252,ok,ok,True,False,0.013051921561495388,eta_G = G_c / (G_c + 2),ok,depends_on_G_function_convention_and_selected_closure_pick;calibration_cross_check_not_unique_truth,3059.45,0.0,127.7172,127.7172,0.0,0.0,3059.45,,2941.116126427269,917.7182804102302,ok,physical_pkn_storage,phase5d,50.0,cli_or_grid,0.722464726919,human_required_constant,37060.50047513462,ok,25.488168051022765,5.156264752697521,3.4485293263661285,2.04063215929745,1.904173655691478,14.285364594192984,4.457466284853176,8.0,1.89529462012625,7.010668392824907,3.4485293263661285,2.04063215929745,332,0.004539465841479908,14.0,345.0,5.6597853992565375,ok,stage-constant,0.004539465841479908,0.004539465841479908,1.0,m_per_sqrt_second,0.004539465841479908,0.004539465841479908,0.004539465841479908,25.0,0.5,,stress-shadow,1.0,0.06890365503746093,0.25436316323662334,0.125,0.0745705116542047,3033.9618319489773,5.156264752697522,3033.961831948977,0.00833096407884514,0.00833096407884514,0.991669035921155,0.9916690359211547,0.991669035921155,0.9916690359211547,-2.3970116387087715e-15,4.263256414560601e-13,0.0012059046295150324,0.013974127813043502,0.02644905410251252,0.6824696092252289,108.89949908467193,1.075500508683964,0.0061674066300561135,0.009719185848313957,45.80202780471004,3013.64797219529,0.014970673750089083,0.985029326249911,1.2253487892707753,108.89949908467193,0.011126905625090196,0.9888730943749098,0.04500842702014773,0.10126896079533239,0.8508513545645509,very_low_shutin_fluid_efficiency_check_C_units_or_stable_slope,28745.0,169.54350474140847,ok,1.0,sneddon,21.041857278664903,0.16032176402615747,0.5918401717760547,0.2908440850107936,2.326752680086349,ok,-394.8030876771036,121.0429938684251,0.888107636113552,14.0,345.0,15.0,346.0,332,1.1470091725232419,0.0019187521885936955,efficiency_consistent_within_0p1,142.5,18985.0,
30,1.0,1.0,,50.0,3182.3,9981.0,9698.545816733069,ok,sigma_min_crossing,1177.0,05:37:19,128.1413,9981.0,1.0291233540165998,True,True,ok,416.0,416.0,0.0866990860573421,108.2513,-9.120865205833477,1.9129958232020057,ok,ok,97.0,97.0,0.021493315933993798,110.57130000000001,boundary_low_confidence,barree,416.0,108.2513,0.0866990860573421,ok,ok,True,False,0.04154843725989902,eta_G = G_c / (G_c + 2),ok,depends_on_G_function_convention_and_selected_closure_pick;calibration_cross_check_not_unique_truth,3182.3,0.0,112.7913,112.7913,0.0,0.0,3182.3,,2897.698166504578,1333.8236592418573,ok,physical_pkn_storage,phase5d,50.0,cli_or_grid,0.722464726919,human_required_constant,37060.50047513462,ok,141.12093955284644,17.229940223128573,31.280516053380282,17.937926915746434,1.3347692108161353,7.345518517531592,2.738369828466285,8.0,17.872152445723238,63.03022035279202,31.280516053380282,17.937926915746434,402,0.0008327945193967188,15.0,416.0,5.6597853992565375,ok,stage-constant,0.0008327945193967188,0.0008327945193967188,1.0,m_per_sqrt_second,0.0008327945193967188,0.0008327945193967188,0.0008327945193967188,25.0,0.5,,stress-shadow,1.0,0.07131393470819304,0.2549997850678598,0.12499999999999999,0.07494044074339837,3041.179060447154,17.22994022312857,3041.179060447154,0.0443455801001937,0.0443455801001937,0.9556544198998064,0.9556544198998064,0.9556544198998064,0.9556544198998064,1.7675192431843289e-15,5.684341886080801e-13,0.0034411711493259663,0.04599035197794744,0.0866990860573421,0.4192637851458479,11.772395915380034,0.38264110285396935,0.03334291040923355,0.030430407927820452,190.51131618841586,2991.788683811584,0.05986591967709388,0.9401340803229061,0.5601980674194107,11.772395915380036,0.04542418798516613,0.9545758120148339,0.190342924735496,0.428271580654866,1.0977216334760707,low_shutin_fluid_efficiency_check_C_or_leakoff_terms,9981.0,99.90495483208028,ok,1.0,sneddon,21.390882101745824,0.16578306743210858,0.5927964392381422,0.2905867347497905,2.324693877998324,ok,-42.67951915128282,111.58643466523105,0.9260390578626613,15.0,416.0,15.0,416.0,402,1.4408705507408868,0.018317482417194858,efficiency_consistent_within_0p1,165.0,18197.0,
